contig,start,end,strand,HMM_accession,HMM_description,locus,gene_call,pathway,bit,protein,gene_seq,gene_gc,A,G,V,I,L,M,F,Y,W,S,T,N,Q,C,P,R,H,K,D,E
NZ_CP041245.1,1,1332,+,TIGR00450,mnmE_trmE_thdF,WP_020915717.1,-,-,212.1,MKNIIVAKVTPDDLTSICIIRLSGKKLRKFIKPLIKKKLKIQKLEYTKLYGLNNQFIDFVLVVFFKSPKSLTGEDVIEFHLHGNLYLSTIIMEFLIKLGAKIAKPGEFLERRYLNGKISLMECEMINNKIIYNNENMFKLTSNSEKDIYLCIIKNSRFRINMLIICLEFILINEKESLLRDFIFIKKFLKKFKNFINILLKKISKIKYFKKIFEIMIMGRRNVGKSTLFNKLCLQYDSIVTNIPGTTTNTITKQIYFTSKTINLNDTAGLKIKTKNLIEKIGIMKNINKSYEGNLVLYIIDKFDLRRVFYNTPLDFFDKIKSNELIIIVNKCDIFGIKEGIYKVKNLFVIFLSAKHSVLIFRLKCFISKIIENEKLLFNNNMNYENVKLLFNECSIFYKEFCCNYDIILEKVIKFQKNVLKMTGEYTNNYILNSLFSNFCMGK,ATGAAAAATATTATTGTTGCAAAAGTTACTCCTGATGATTTAACATCAATTTGCATTATTAGATTATCTGGAAAAAAATTAAGAAAATTTATAAAACCTTTAATTAAAAAAAAATTAAAGATTCAAAAATTAGAATATACAAAATTATATGGATTAAATAATCAATTTATAGACTTTGTATTAGTAGTGTTTTTCAAATCACCTAAATCATTAACAGGTGAAGATGTTATCGAGTTTCATTTACACGGTAATTTATATTTGTCAACAATAATAATGGAATTTTTGATTAAGTTAGGAGCTAAAATTGCAAAACCAGGGGAATTTTTAGAGAGAAGATATTTAAATGGTAAAATTTCTTTAATGGAATGTGAAATGATTAATAATAAAATTATTTATAATAATGAGAATATGTTTAAGTTAACTTCAAATTCTGAAAAAGATATATATCTTTGTATAATTAAAAATTCAAGATTTAGAATAAATATGCTAATTATTTGTTTAGAATTTATTTTAATAAATGAAAAAGAATCGTTATTAAGAGATTTTATTTTTATAAAAAAATTTTTAAAAAAATTTAAAAATTTTATAAATATATTATTAAAAAAAATATCAAAAATTAAATATTTTAAAAAAATATTTGAAATTATGATAATGGGTAGACGAAATGTTGGGAAATCAACTTTATTTAATAAATTATGTTTACAATATGATTCTATTGTAACAAATATACCTGGAACAACAACAAATACGATTACTAAACAAATATATTTTACTTCAAAAACAATTAATTTAAACGATACAGCAGGTTTAAAAATAAAAACAAAAAATTTAATAGAAAAAATTGGTATAATGAAAAATATCAATAAATCTTACGAAGGAAATTTAGTTCTTTATATTATTGATAAATTTGATTTAAGAAGAGTATTTTATAATACTCCATTAGATTTTTTTGATAAAATAAAAAGCAATGAACTAATTATTATAGTTAATAAATGTGATATTTTTGGAATAAAAGAAGGAATTTATAAAGTAAAAAATTTATTTGTTATATTTTTATCTGCTAAACATAGTGTTTTAATTTTTAGATTAAAATGTTTTATTAGCAAAATAATAGAAAATGAAAAATTATTGTTTAATAATAATATGAATTATGAAAATGTAAAATTATTATTTAATGAATGTTCAATTTTTTATAAAGAATTTTGTTGTAATTACGATATTATATTAGAAAAAGTAATAAAATTTCAAAAAAATGTATTAAAAATGACTGGCGAATATACTAATAATTATATTCTAAATTCTTTATTTAGTAATTTTTGTATGGGGAAATAA,0.17267267267267267,0.0113,0.0384,0.0384,0.1445,0.1151,0.0271,0.0813,0.0406,0.0,0.0497,0.0451,0.0971,0.0113,0.0248,0.0135,0.0271,0.0068,0.14,0.0316,0.0564
NZ_CP041245.1,1332,2840,+,TIGR00136,gidA,WP_020915718.1,-,-,504.7,MIYNVIVIGSGHAGIEAVCVSSKICNKVKLITSNIESIGILSCNPSIGGIGKSHIVQELEILGGIMSESSDYSRIHSKILNFKKGESVHSLRYQIDRILYKNYILKLLFIKKNIIIEQNDIKSIVRFKKKILLIDIFNCINISKNIILCVGTFINSKICVGKNIFKFGRYNEKTFNLSISLKKIKLFINALKTGTPPRIDINYINYNKTSIQYSDYTKYFGKIFNYNNNIKCFITKTDTNIHKFIKKKFKNTSIYIGNISSLGPRYCPSIEDKIYKFPNTKNHQIFLEPEGYYSRELYLNGLSTSLSLENQKKLIKKITGLNYSSIIRFAYNIEYDYFDPRCLNQTLNIKFANNIFLSGQINGTTGYEEAAAQGFVAGINASRKSINLPLWKPKKWNSYIGVMINDLIFLGAQEPYRIFTARTKFKLFLRIDNSIFRLINLAFLIGSITKIKFKYYSNIIYNTYINLFNILGNNLKKNFFVYKNIIIMSKYYGYIKKYLFKF,ATGATTTATAATGTTATTGTAATTGGTTCAGGACACGCTGGAATTGAAGCTGTATGTGTTTCTTCTAAAATATGTAATAAAGTTAAATTAATTACTTCAAATATAGAAAGTATTGGAATACTATCATGTAATCCATCAATAGGAGGAATTGGTAAAAGTCATATTGTTCAAGAATTAGAAATATTAGGAGGAATAATGTCAGAATCTTCTGATTATTCTAGAATACATTCTAAAATTTTAAATTTTAAAAAAGGAGAATCTGTGCATTCCCTAAGATATCAAATAGATAGAATCTTATACAAAAATTATATATTAAAATTGTTGTTTATTAAGAAAAATATAATTATTGAACAAAATGACATTAAAAGTATCGTTAGATTTAAAAAAAAAATATTATTAATAGATATTTTTAATTGTATTAACATATCCAAAAATATTATTTTATGTGTTGGTACATTTATAAATTCTAAAATTTGCGTCGGTAAAAATATTTTTAAATTTGGAAGATATAATGAAAAAACTTTTAATTTATCAATTTCTTTAAAAAAAATAAAGTTATTTATCAATGCTTTAAAAACAGGAACGCCACCTAGAATAGATATAAACTATATTAATTATAATAAAACTTCTATTCAATACAGCGATTATACAAAATATTTTGGAAAAATTTTTAATTATAATAATAATATAAAATGCTTTATTACTAAAACAGATACAAATATTCATAAATTTATTAAAAAAAAATTTAAAAATACTTCTATTTATATTGGAAACATATCTTCATTAGGCCCTAGGTATTGTCCTTCTATAGAAGATAAAATTTATAAATTTCCCAATACAAAAAATCATCAAATTTTTTTAGAACCTGAAGGATATTATAGTAGAGAATTATATTTAAATGGATTGTCTACATCTTTATCTTTAGAAAATCAAAAAAAGTTAATAAAAAAAATTACAGGATTAAACTATAGCTCTATTATTAGATTTGCATATAATATTGAATATGATTATTTTGATCCTAGATGCTTAAATCAAACTTTAAATATAAAATTTGCAAATAATATTTTTTTATCTGGACAAATTAATGGTACAACAGGATACGAAGAAGCTGCTGCTCAAGGATTTGTTGCAGGTATTAATGCTTCAAGAAAAAGTATTAATTTACCTCTTTGGAAACCTAAAAAATGGAATTCTTATATAGGAGTAATGATAAATGATTTAATTTTCTTAGGCGCTCAAGAACCGTATAGAATATTTACGGCTAGAACAAAATTCAAGTTATTCTTAAGAATTGATAATTCAATTTTTAGATTAATTAATTTAGCATTTTTAATAGGATCAATTACAAAAATAAAATTTAAATATTACAGCAATATTATATATAATACTTACATTAATTTATTTAATATTTTAGGTAATAATTTGAAAAAAAACTTTTTTGTTTATAAAAACATTATAATAATGTCTAAGTATTATGGATATATTAAAAAATATTTATTTAAATTTTGA,0.20410868124585818,0.0259,0.0598,0.0259,0.1614,0.0837,0.008,0.0657,0.0677,0.004,0.0797,0.0418,0.1016,0.0199,0.0179,0.0219,0.0299,0.012,0.1155,0.0239,0.0339
NZ_CP041245.1,2806,3498,+,TIGR01131,ATP_synt_6_or_A,WP_020915719.1,-,-,93.4,MDILKNIYLNFEKILDNNFFKIDLLIILLLLKIVIIFCFKSYNLKIFFNYFKNTIKKTINKTIRKSIFSFSVFFFFNLLISNLIDLLPINLFKKISFNSISFLPTSDINITFSFSIISFIIMIFFSIKKNGFFNFLINFTKNPIQSKYMIFFNLTIETISFIMKPISLSLRLFGNIFSSEIIFNLIDNMNTISNVILNLIWAIFHYLVLPLQAFIFITLVIIYISQLLKH,ATGGATATATTAAAAAATATTTATTTAAATTTTGAAAAAATTTTAGACAATAATTTTTTTAAAATTGATTTATTAATTATTTTATTATTATTAAAAATAGTTATTATTTTCTGTTTTAAAAGTTATAATTTAAAAATTTTTTTTAATTATTTTAAAAATACAATAAAAAAAACTATTAATAAAACTATTAGAAAAAGTATTTTTTCTTTTTCTGTATTTTTTTTTTTTAATTTATTAATTTCTAATTTAATAGATCTATTACCAATAAATTTATTCAAAAAAATATCATTTAATTCAATTAGTTTTTTACCAACTTCAGATATAAATATAACTTTTAGTTTTTCAATAATATCTTTTATAATTATGATTTTTTTTTCTATAAAAAAAAATGGTTTTTTTAATTTCTTAATAAATTTTACTAAAAACCCTATTCAAAGTAAATATATGATATTTTTTAATTTAACGATAGAAACTATTTCATTCATTATGAAGCCAATATCATTGTCTTTAAGATTATTTGGAAATATTTTTTCTTCTGAAATAATATTTAATTTAATAGATAACATGAATACAATTAGTAATGTTATTTTAAATTTAATATGGGCAATATTCCATTATTTGGTATTGCCATTACAAGCCTTTATTTTTATTACATTGGTTATTATATATATTTCACAATTATTAAAACATTAA,0.13564213564213565,0.0087,0.0087,0.0217,0.2043,0.1348,0.0217,0.1522,0.0261,0.0043,0.0913,0.0435,0.1043,0.013,0.0043,0.0217,0.0087,0.0087,0.0826,0.0261,0.013
NZ_CP041245.1,3500,3730,+,TIGR01260,ATP_synt_c,WP_020915720.1,-,-,86.7,MDINLILAASIMMGLASIGTGIGFGILGGKLLESISRQPELENSLLNKTFLITGLLDAVPMISVGIGLYIIFILSK,ATGGATATAAATTTAATTTTAGCAGCATCTATTATGATGGGATTAGCTTCTATTGGAACAGGAATAGGATTTGGTATTTTAGGTGGAAAATTATTAGAATCTATTTCTAGACAACCAGAATTAGAAAATTCATTATTGAATAAAACATTTTTAATAACAGGTTTATTAGATGCTGTTCCAATGATAAGTGTGGGAATAGGATTATATATTATTTTCATTTTATCTAAATAA,0.2510822510822511,0.0526,0.1316,0.0263,0.1711,0.1842,0.0526,0.0395,0.0132,0.0,0.0921,0.0395,0.0395,0.0132,0.0,0.0263,0.0132,0.0,0.0395,0.0263,0.0395
NZ_CP041245.1,4368,5813,+,TIGR00962,atpA,WP_155492466.1,-,-,639.3,MKKYGIINKIYDGIVEVIGLKLAKYGEMIKFENNEKGIVFSLNKNNVNIVLIDDLKNLTQGQKCFCTEKIFEIPVGFELLGRIVNSKGEFIDNKKKFLIKNRETVEKIAPGIMDRESVNEPLLTGIKSIDSMIPIGKGQRELIIGDRQTGKTTIAIDTIINQKNKNVICIYVCIGQKISSLINVINKLKYYNCMDYTVVVAATAADSAAEQYISPYTGCTIGEYFRDLGQDCLIIYDDLTKHAWAYRQISLLLRRPPGREAFPGDVFYLHSRLLERSSKINKYFLEKKKIFNKNNGTLTAFPIIETLEGDVTSFIPTNVISITDGQIFLDTNLFNSNYRPAINVGLSVSRVGGAAQYKIVKKLSGDIRIMLAQYRELESFSKFSSDLDIVTKTQLYNGEKISLLMKQKPHENYSIVELIIILLIIKNRFFFKIPIKQIELFEINIIKYFRIINLKNNISINSNNLEFLLNEIINYFISGSL,ATGAAAAAATATGGTATTATCAATAAGATATATGATGGTATTGTTGAAGTAATTGGATTAAAATTAGCAAAATACGGAGAAATGATAAAATTTGAAAATAATGAAAAAGGAATAGTTTTTAGTTTGAACAAAAATAATGTAAATATAGTTTTAATAGATGATTTAAAAAATTTAACGCAAGGACAAAAATGTTTTTGCACAGAAAAGATTTTTGAAATACCAGTTGGTTTTGAATTATTAGGAAGAATAGTAAACTCAAAAGGTGAATTTATAGATAATAAAAAAAAATTTTTAATTAAAAATAGAGAAACAGTGGAAAAAATCGCTCCTGGTATTATGGATAGAGAATCTGTAAACGAACCATTATTAACTGGAATAAAATCAATAGATTCTATGATTCCTATAGGAAAAGGCCAAAGAGAACTAATAATTGGAGATAGACAAACAGGAAAAACAACAATAGCTATTGATACTATTATTAACCAGAAAAATAAAAATGTAATTTGTATATACGTATGCATAGGTCAAAAAATTTCTTCTTTAATAAATGTAATTAATAAGTTAAAATATTATAATTGTATGGATTATACAGTAGTTGTTGCAGCTACAGCAGCAGATTCTGCTGCTGAACAATATATATCTCCATATACTGGATGTACAATTGGTGAATATTTCAGAGATTTAGGACAAGATTGTTTGATTATTTATGATGATTTAACAAAACATGCTTGGGCTTATAGACAGATTTCTCTTTTATTAAGAAGGCCTCCTGGAAGAGAAGCGTTTCCAGGAGATGTTTTTTATTTACATTCTAGATTGTTAGAAAGATCATCTAAAATAAATAAATATTTTTTAGAAAAAAAAAAAATTTTTAATAAAAATAATGGTACGTTAACAGCTTTTCCAATAATTGAAACTTTAGAAGGAGATGTAACTTCTTTTATTCCAACAAATGTAATTTCTATTACAGATGGACAAATTTTTTTAGATACTAATCTTTTTAATTCAAATTATAGACCTGCTATAAATGTTGGTTTATCAGTATCTAGAGTAGGAGGTGCAGCACAATATAAAATTGTTAAAAAATTAAGTGGAGACATCAGAATTATGTTAGCTCAGTATAGAGAACTAGAATCATTCTCTAAATTTTCTTCAGATTTAGATATAGTAACAAAAACACAATTATATAATGGAGAAAAAATTTCTTTATTAATGAAACAAAAACCACATGAAAATTATTCTATAGTTGAATTGATAATAATTTTATTAATTATTAAAAATAGATTTTTTTTTAAAATACCTATTAAACAAATTGAGTTATTTGAAATAAATATAATAAAATATTTTAGAATTATAAATCTTAAAAATAATATATCTATAAACAGTAATAATTTAGAATTTTTATTAAATGAAATTATTAACTATTTTATTTCTGGTAGCTTATGA,0.2330567081604426,0.0353,0.0624,0.0499,0.1455,0.0936,0.0146,0.052,0.0437,0.0021,0.0603,0.0457,0.0811,0.0312,0.0146,0.027,0.0374,0.0062,0.0936,0.0437,0.0603
NZ_CP041245.1,5810,6562,+,TIGR01146,ATPsyn_F1gamma,WP_180806755.1,-,-,98.8,MNIKEMKVQINILTNINKITNTMSMISFSKMGTILKKCKILNNLYKETKKIILENYDVKNNKINCCILITTNKGFCGSINNESIKFFLRFLKNNKNLDLIIIGKKAIDFFDKKNIYIKKKIIFNEKSDIFFSKDIIELLKNYKNIFFISSKIINNSIKSIKTELFVKKKKCYYEKKYLNNNFLFEKYINYSLKHLFYENYYCELKSRMITMKSAADSSKKIIKNMNIIKNKIRQFKVTQEMLEIINGSHL,ATGAATATAAAAGAAATGAAAGTACAAATTAATATTTTAACTAATATTAATAAAATAACAAATACAATGAGTATGATTTCTTTTTCAAAAATGGGTACAATTTTAAAAAAATGTAAAATTTTAAATAATTTGTATAAGGAGACTAAAAAAATAATTTTAGAAAATTATGATGTTAAAAATAATAAAATCAATTGCTGTATATTAATTACAACAAATAAAGGATTTTGCGGAAGTATAAATAATGAATCAATAAAATTTTTTTTAAGATTTCTAAAAAATAATAAAAATTTAGATTTAATAATAATTGGTAAAAAAGCAATTGATTTTTTTGATAAAAAAAATATATATATTAAAAAAAAAATTATTTTTAATGAAAAATCGGATATTTTTTTTTCAAAAGATATTATAGAATTATTAAAAAATTACAAAAATATTTTTTTTATTAGTTCTAAAATTATAAATAATAGTATTAAATCTATTAAAACTGAATTATTTGTAAAAAAAAAAAAATGTTATTATGAAAAAAAATATTTAAATAATAATTTTCTTTTTGAAAAATACATTAATTATTCTTTAAAACATTTATTTTACGAAAATTATTATTGTGAATTAAAATCCAGAATGATTACCATGAAATCTGCTGCTGATAGTTCAAAAAAAATAATAAAAAATATGAATATAATAAAAAATAAAATAAGACAATTTAAGGTTACACAAGAGATGCTCGAAATAATTAATGGTAGCCACCTATGA,0.14873837981407703,0.012,0.02,0.016,0.164,0.08,0.036,0.068,0.048,0.0,0.068,0.04,0.128,0.012,0.024,0.0,0.012,0.008,0.184,0.028,0.052
NZ_CP041245.1,6559,7902,+,TIGR01039,atpD,WP_020915725.1,-,-,744.7,MIGRIIQILGSILDIEFKKKNTPKIYNALFVPEINIYLEVQQQIGENIVRTIAFGNTNGIKRNTIVVDTGKPILTPVGDCTLGRILNVLGDPIDNKGEINSKKKSPIHTLPPKFSNQIFNNNILETGIKVIDLLCPFLKGGKIGLFGGAGVGKTVNMMELIRNIAIEHKGCSVFIGVGERSREGNDFYHEMKESNVLDKVSLIYGQMNEPSGNRLRVALTGLSIAEEFRNSGKDVLLFIDNIYRFTLAGTEVSAMLGRTPSAVGYQPTLAEEMGKLQERISSTKNGTITSVQAIYVPADDLTDPSPSTTFTHLDSTIVLSRQIAELGIYPAIDPLESYSKQLDPYIVGEEHYKVANEVKFYLQKYKELKDTIAILGIDELSDNDKLIVSRARKIQKFFSQPFFVGEVFTNIKGEYVKINETVKCFKNIIDGFYDDVNEKNFYMIGKI,ATGATAGGAAGAATAATTCAAATACTAGGTTCTATTTTAGATATAGAATTTAAAAAAAAAAATACCCCTAAAATATATAATGCTTTATTTGTTCCTGAAATAAATATTTATTTAGAAGTACAACAACAAATTGGTGAAAATATAGTTAGAACTATTGCTTTTGGTAATACTAATGGTATTAAAAGAAATACAATTGTTGTTGACACGGGAAAACCCATTTTAACGCCTGTTGGCGACTGTACATTAGGAAGAATTTTAAATGTTTTAGGTGATCCTATTGATAATAAAGGAGAAATTAACTCAAAAAAAAAATCTCCAATTCATACACTTCCACCAAAGTTTTCAAATCAAATTTTTAATAATAATATTTTAGAAACTGGTATAAAAGTAATTGATTTGCTATGTCCTTTTTTAAAAGGTGGTAAAATTGGATTATTCGGAGGTGCTGGTGTAGGTAAAACTGTTAATATGATGGAACTAATTAGAAATATAGCTATTGAACATAAAGGATGTTCTGTTTTTATAGGAGTAGGTGAAAGATCAAGAGAAGGAAATGATTTTTACCATGAGATGAAAGAATCTAATGTTTTAGATAAAGTTTCTCTTATTTATGGACAAATGAATGAACCATCAGGAAATAGATTAAGAGTTGCATTAACGGGATTAAGTATTGCCGAAGAATTTAGAAATTCTGGAAAAGATGTGTTATTATTTATCGATAATATTTATAGGTTTACTTTAGCTGGAACAGAAGTTTCTGCAATGTTGGGTAGAACACCATCAGCCGTGGGATATCAACCTACTCTTGCTGAAGAAATGGGAAAATTACAAGAAAGAATTTCTTCAACTAAAAATGGTACAATTACATCGGTTCAAGCAATATATGTTCCTGCTGATGATTTAACGGATCCATCTCCTAGTACAACATTTACTCATTTAGATTCAACAATTGTTTTATCTAGACAAATAGCAGAATTGGGAATTTATCCCGCGATTGATCCCTTAGAATCTTATTCTAAACAATTAGATCCATATATTGTTGGTGAGGAACATTATAAAGTTGCGAACGAAGTTAAATTTTATTTACAAAAATATAAAGAATTAAAAGATACAATTGCTATTTTAGGGATTGATGAATTATCAGATAATGATAAATTAATTGTTTCAAGAGCAAGAAAAATACAAAAGTTTTTTTCTCAACCATTTTTTGTTGGAGAAGTGTTTACTAATATAAAAGGAGAATATGTAAAAATTAATGAAACAGTTAAGTGCTTTAAAAATATAATAGATGGTTTTTATGATGATGTAAATGAAAAAAATTTTTATATGATAGGAAAAATATGA,0.2760416666666667,0.038,0.085,0.0671,0.1141,0.0828,0.0179,0.0492,0.0358,0.0,0.0559,0.0582,0.0671,0.0313,0.0089,0.0425,0.0358,0.0112,0.0805,0.0515,0.0671
###############################################################################################
NZ_CP041245.1,16922,17575,+,TIGR01011,rpsB_bact,WP_020915736.1,-,-,151.4,MNIKIFHLLSKFVYLGDIRKNRNNFLRNFISFNYNNFDFFNIRKISINLFLIKKFLFNIIINNKKILFVSTKNFLREVIYKYSRVLKQNYVCNKWVAGMLTNFNNYKIMLNKSLLLKKKKHMNYTKKEKNLFLKEEKKIEILYGGLRSMNSKPDLIILTDIKKDKIAVNEAKRVGIKIMAFVDSNDCPKGIDYLIPCNNISIESIKIILKVIFSQIC,ATGAATATAAAAATTTTTCATTTGCTATCAAAATTTGTATACTTAGGAGATATACGTAAAAACAGAAACAATTTTCTAAGAAATTTTATTTCTTTTAATTATAATAATTTTGATTTTTTTAATATTAGAAAAATCTCTATTAATTTATTTTTAATTAAAAAATTCTTATTTAATATTATTATAAATAATAAAAAAATCTTATTTGTTAGTACAAAAAATTTTTTGAGAGAAGTTATATATAAATATTCTAGAGTTCTTAAACAAAACTATGTTTGTAATAAATGGGTTGCGGGAATGTTAACAAATTTTAATAATTATAAAATAATGCTTAATAAATCTTTGTTATTAAAAAAAAAAAAACATATGAATTATACTAAAAAAGAAAAAAATTTATTTTTAAAAGAAGAAAAAAAAATAGAAATTTTATATGGAGGGTTAAGATCTATGAATTCAAAACCTGATTTAATTATTTTAACAGATATAAAAAAAGATAAAATTGCTGTTAACGAAGCAAAACGTGTAGGAATTAAAATTATGGCATTTGTAGATAGTAATGATTGTCCTAAAGGAATTGATTATTTAATTCCTTGCAACAATATTTCTATTGAAAGTATTAAAATAATTCTTAAAGTTATTTTTAGTCAAATATGTTAA,0.172782874617737,0.0184,0.0276,0.0461,0.1429,0.106,0.0276,0.0783,0.0415,0.0046,0.0553,0.0184,0.1244,0.0092,0.0184,0.0138,0.0369,0.0092,0.1521,0.0369,0.0323
NZ_CP041245.1,24947,25138,+,TIGR00105,L31,WP_020915743.1,-,-,42.9,MEKIFFFCICSKKYFLLSNYEKNITINICKNCHPYYTKKKNLLDASKKMKSFNKKYENFFKKK,ATGGAAAAAATTTTTTTTTTTTGTATTTGTAGCAAAAAATATTTTTTATTATCTAATTATGAAAAAAATATTACAATTAACATATGCAAAAATTGTCATCCTTATTATACCAAAAAAAAAAATTTATTAGATGCTTCTAAGAAAATGAAAAGTTTTAATAAAAAATATGAAAATTTTTTTAAAAAAAAGTAA,0.140625,0.0159,0.0,0.0,0.0794,0.0635,0.0317,0.1111,0.0794,0.0,0.0635,0.0317,0.1111,0.0,0.0635,0.0159,0.0,0.0159,0.254,0.0159,0.0476
###############################################################################################
NZ_CP041245.1,49347,49727,+,PF00380,Ribosomal_S9,WP_020915773.1,-,-,94.1,MKYVSFSKKKTCKTKVVIFEGCGLLTINNLSIKKYFGNIYNKNYLLIPIILSNLKNFDFIIKTKGSGKISQIFSIKIAICKCILLFNYKFKKIFRKLNFFSIDNRIVERKKYGKKKSRKLEQYSKR,ATGAAATACGTTTCTTTTTCAAAAAAAAAAACTTGTAAAACTAAAGTAGTAATTTTTGAAGGATGTGGTTTATTAACAATAAACAATCTTTCTATTAAAAAATATTTTGGAAATATATATAATAAAAATTATCTTTTAATACCAATTATACTATCTAATTTAAAAAATTTTGATTTTATAATTAAAACTAAAGGAAGTGGAAAAATTTCTCAGATTTTTAGTATAAAAATAGCTATTTGTAAGTGTATATTATTATTTAATTATAAATTTAAAAAAATTTTTAGAAAATTAAATTTCTTTTCTATTGATAATAGAATAGTTGAAAGGAAAAAATATGGTAAAAAAAAATCAAGAAAATTGGAACAATATTCAAAAAGATAG,0.16272965879265092,0.0079,0.0476,0.0317,0.1429,0.0873,0.0079,0.0873,0.0556,0.0,0.0794,0.0317,0.0794,0.0159,0.0317,0.0079,0.0397,0.0,0.2063,0.0159,0.0238
###############################################################################################
NZ_CP041245.1,73354,74283,+,TIGR00234,tyrS,WP_180806784.1,-,-,90.7,MIFFKLIFKKIIGFFSIQKIGIIKFGIDPTFYSIHLGHFFIINFLFFLIKKNFNIIVIIGDYTTFLKKKINKKIIIINSICLKSQIYNIIGEINIFFNSIWIINNKLSFFLKIFDLINTNKYICKSIKNENQEKINIKKLLYPLIQAYDSLIINSYIEIGGIDQLLNIICARFIQKIFKKLKQNSILFILLENENKKISKSDNNDLIVSKLSKTLINLVFYNIKTYIEKLFIINCYKFIFFKLKKSNFYFKKRNFLSYYYKKIFKNNKFFFNNKIYKKNIFINNKLLINNFFLKKINYNFLNIKIKLYD,ATGATTTTTTTTAAATTAATATTTAAAAAAATAATTGGATTTTTTAGCATTCAAAAAATTGGAATAATAAAATTTGGAATAGATCCAACATTCTATTCTATACATTTAGGTCATTTTTTTATAATAAATTTTTTATTTTTTTTGATAAAAAAAAATTTTAATATTATAGTAATAATAGGAGATTATACAACTTTTTTAAAAAAAAAAATTAATAAAAAAATAATAATAATTAATTCAATTTGTTTAAAATCTCAAATTTATAATATTATAGGAGAAATTAATATATTTTTTAATTCGATTTGGATTATTAATAATAAATTATCATTTTTTTTAAAAATATTTGATTTAATAAATACCAATAAGTATATTTGTAAAAGTATTAAAAATGAAAATCAAGAAAAGATAAATATTAAAAAATTATTATATCCTTTAATACAAGCTTATGATTCATTAATAATAAATTCTTATATTGAAATAGGTGGTATAGACCAGCTCTTGAATATTATTTGTGCTAGATTTATACAAAAAATTTTTAAAAAATTAAAACAAAATTCAATTCTTTTCATTTTATTGGAAAATGAAAATAAAAAAATATCAAAATCAGATAATAATGATTTAATTGTATCCAAGTTATCTAAAACATTAATAAATTTAGTTTTTTACAATATAAAAACATATATTGAAAAATTATTTATTATAAATTGTTATAAATTTATTTTTTTTAAACTTAAAAAAAGCAATTTTTATTTTAAAAAAAGAAATTTTCTAAGCTATTACTATAAAAAAATTTTTAAAAATAATAAATTTTTTTTTAATAATAAAATTTATAAAAAAAATATATTTATAAACAATAAATTATTAATTAATAATTTTTTTTTGAAAAAAATAAATTACAATTTTTTAAACATTAAAATTAAATTATATGACTAA,0.11827956989247312,0.0065,0.0259,0.0097,0.2104,0.1003,0.0032,0.123,0.055,0.0032,0.0518,0.0194,0.1262,0.0227,0.0129,0.0065,0.0065,0.0065,0.1618,0.0259,0.0227
###############################################################################################
NZ_CP041245.1,102243,104132,+,TIGR00396,leuS_bact,WP_180806717.1,-,-,359.3,MKYFKNPIFIEKKIIKKIKQIKKQKFFSMPMFPYPSGKLHLGHVRNYVLTDIITKIKQLENYNVIHPLGWDSFGLPAENASKKYNINSLKWTISNIKLMRHQLKLVNIDYYKKTEFLTCDFNFYKWEFWIFIQFLKNNLLYKNYENVYWDKIENCILSNEQVINNICWRSGIKAETRRIKTWFINIKKYTKRLIFNLKKINWSKKVKNIQKKWINITIFFIKKNHFYSNYNNIYININFLRIKNKNLLHLIILKNFSNFIFKKKIFVFDKKLKIKKKIILNNFKIINFLINKKKLNLLIFKKNIFYIKLTNIKNWSFERNRLWGSFFFYKKVKNKNFKSKSTIDTFFQSSWYYINYLKTKNLTNLNKLKWFPINIYVGGIEHANLHLIYLRIINNIFYDLNILKNKEIIFNLINQGFINNKVFYKFKNYKKIFCRKTKNCIYSGIEKMSKSKKNGVNPIPIIIKYGSDLLRLSIITNKPIYKNIVWGNVNFEFLKKFIIKLNNLIILKKKNYKNLINIKNILNIKKIHNIISFVNKILINNDSLKQIEIIIFWLFPIIPNISKILWFKIGNFYPIEHFYCYKSLNKEYNLYIKNIFLKKIFKIEIKNLKVNFIIKKIKISMDEISILLN,ATGAAATATTTTAAAAACCCAATTTTTATAGAAAAAAAAATTATAAAAAAAATAAAACAAATAAAAAAACAGAAATTTTTTTCTATGCCAATGTTTCCATATCCTAGCGGAAAATTACATTTAGGTCATGTAAGAAATTATGTTTTAACAGATATTATTACTAAAATAAAACAATTAGAAAATTATAATGTTATTCATCCTTTAGGATGGGATTCTTTTGGGCTTCCAGCAGAAAACGCTTCTAAAAAATATAATATAAATTCGTTAAAATGGACAATTTCCAATATTAAATTAATGAGACATCAATTAAAATTAGTAAATATTGATTATTATAAAAAAACAGAATTTTTAACATGTGATTTTAATTTTTATAAATGGGAATTTTGGATTTTTATTCAGTTTTTAAAAAATAATTTATTATATAAAAATTATGAAAACGTTTATTGGGATAAAATAGAAAATTGTATTCTTTCTAACGAACAAGTAATTAATAACATTTGTTGGAGATCAGGTATAAAAGCAGAAACCCGCCGAATAAAAACTTGGTTTATAAATATTAAAAAATATACAAAAAGACTAATATTTAATTTAAAAAAAATTAACTGGTCGAAGAAAGTAAAAAACATTCAAAAAAAATGGATAAATATTACAATTTTTTTCATCAAAAAAAATCATTTTTACAGCAATTACAATAATATATATATAAATATAAATTTTTTAAGAATAAAAAATAAAAATTTGTTACATTTAATTATTCTAAAAAATTTTAGTAATTTTATATTTAAAAAAAAAATATTCGTATTTGACAAAAAATTAAAAATTAAAAAAAAAATAATATTAAATAATTTTAAAATTATAAATTTTTTAATAAATAAAAAAAAATTAAATTTGTTAATTTTTAAAAAAAATATATTTTATATTAAATTAACAAATATCAAAAATTGGTCATTTGAAAGAAATAGATTATGGGGTTCTTTTTTTTTTTATAAAAAAGTAAAAAATAAAAATTTTAAGTCAAAGTCTACAATAGATACTTTTTTTCAATCATCATGGTATTACATAAATTATTTAAAAACAAAAAATTTAACAAATTTAAATAAATTGAAATGGTTTCCTATTAATATTTATGTAGGAGGTATAGAACACGCAAATTTGCATTTGATTTATTTAAGAATAATAAATAATATTTTTTATGATTTAAATATTTTGAAAAATAAAGAAATAATTTTTAATTTAATAAATCAAGGTTTTATTAATAATAAAGTTTTTTATAAATTTAAAAATTATAAAAAAATTTTTTGCAGAAAAACAAAAAATTGTATTTATTCAGGAATTGAAAAAATGTCTAAATCTAAAAAAAATGGAGTAAACCCGATTCCTATAATCATAAAGTACGGATCAGATTTGTTAAGATTATCAATAATTACAAATAAACCAATATATAAAAATATAGTTTGGGGAAATGTTAATTTTGAATTTTTAAAAAAATTTATAATCAAATTAAATAATCTAATTATTTTAAAAAAAAAAAATTATAAAAATTTAATAAATATAAAAAATATTTTAAATATAAAAAAAATACATAATATTATATCTTTTGTTAATAAAATTTTAATTAATAATGATTCTTTAAAACAAATTGAAATTATAATTTTTTGGTTGTTTCCTATAATTCCTAATATCTCCAAAATTTTATGGTTTAAAATAGGAAATTTTTATCCTATAGAGCATTTTTATTGTTATAAATCTTTAAATAAGGAATATAATTTATATATAAAAAATATTTTTTTGAAAAAAATTTTTAAAATAGAAATAAAAAATTTAAAAGTAAATTTTATTATAAAAAAAATAAAAATTTCAATGGATGAAATATCTATTTTATTAAATTAA,0.15026455026455027,0.0064,0.0223,0.0254,0.1717,0.0938,0.0095,0.0843,0.0541,0.0254,0.0445,0.0254,0.1351,0.0159,0.0095,0.0207,0.0191,0.0159,0.1733,0.0175,0.0302
###############################################################################################
NZ_CP041245.1,126477,126623,-,TIGR01023,rpmG_bact,WP_180806729.1,-,-,42.4,MYILIKLKSTESNFFYVKKKNKKLSKKINLIKFDPSINKRVLFKEEKL,ATGTATATTTTGATAAAATTAAAAAGCACTGAAAGTAATTTTTTTTATGTAAAAAAAAAAAATAAAAAATTATCTAAAAAAATTAATTTAATTAAATTTGACCCGTCAATAAACAAAAGAGTGTTGTTTAAAGAAGAAAAATTATGA,0.1564625850340136,0.0,0.0,0.0417,0.1042,0.125,0.0208,0.0833,0.0417,0.0,0.0833,0.0208,0.0833,0.0,0.0,0.0208,0.0208,0.0,0.2708,0.0208,0.0625
###############################################################################################
NZ_CP041245.1,139369,139626,-,TIGR00062,L27,WP_020915873.1,-,-,71.6,MAQKKAGGSSRNGRESFSKRLGIKKYNNNFVKKGSIIIKQNGSKFGIGKNVFFSKNFYIQSSIDGIVLISCKKKKTFVEVKNVYR,ATGGCACAAAAAAAAGCTGGAGGCAGCTCTCGGAATGGGAGAGAATCTTTTTCTAAAAGATTAGGAATAAAAAAATATAATAATAATTTTGTTAAAAAAGGTTCTATAATAATTAAACAAAATGGTTCTAAATTTGGTATTGGGAAAAACGTTTTTTTTTCTAAAAATTTTTACATCCAATCTTCTATAGATGGTATAGTTTTAATTAGTTGTAAAAAAAAAAAAACATTTGTTGAAGTAAAAAATGTTTATCGTTAA,0.2364341085271318,0.0235,0.1059,0.0706,0.1059,0.0235,0.0118,0.0824,0.0353,0.0,0.1176,0.0118,0.0941,0.0353,0.0118,0.0,0.0471,0.0,0.1882,0.0118,0.0235
NZ_CP041245.1,141709,142068,-,TIGR03632,uS11_bact,WP_020915878.1,-,-,128.6,MKLYNKNYGIIYINSSFNNTISTLTDKKGNTLMWYSSGSLGFKGPKKSTSLASQIISEKISLFAINKNIKIIDIYIKGIIIGKDVILRIINNSGLYVRSITDVTSLPHNGCRKKKKRRV,ATGAAATTATATAATAAAAACTATGGAATAATTTATATAAATTCTTCTTTTAATAACACTATTTCTACTTTAACGGATAAAAAAGGAAATACTTTAATGTGGTATTCTTCAGGCTCCTTAGGTTTTAAAGGTCCTAAAAAAAGTACATCACTAGCTTCTCAAATAATAAGCGAGAAAATTTCTCTATTTGCAATTAATAAAAATATTAAAATAATTGATATATATATAAAAGGGATAATTATTGGAAAAGATGTGATTTTAAGAATTATAAATAATTCTGGTTTATATGTAAGAAGTATTACAGATGTTACTTCATTACCTCATAATGGATGTAGAAAAAAAAAAAAGAGACGAGTATAA,0.225,0.0168,0.0756,0.0336,0.1681,0.0756,0.0168,0.0252,0.0504,0.0084,0.1176,0.0588,0.0924,0.0084,0.0084,0.0168,0.042,0.0084,0.1345,0.0336,0.0084
NZ_CP041245.1,142055,142411,-,TIGR03631,uS13_bact,WP_020915879.1,-,-,110.5,MNLNICGVNISKKKNILYGLTKIYGIGLSLSNKICFDLKIDIKKKIINLKEVEINRLVNYIRKLNIENDLKILNKENLRRIISLNNYRSYRHKKKLPCRGQRTKTNAKTRKKMTHEII,ATGAATTTAAATATTTGCGGTGTTAATATATCAAAAAAAAAAAATATTTTATATGGTCTAACAAAAATATATGGAATAGGTTTATCACTTTCAAATAAAATTTGTTTTGATTTAAAAATTGATATAAAAAAAAAAATAATAAATTTAAAAGAAGTCGAAATTAATCGATTAGTAAATTATATAAGAAAGTTAAATATAGAAAATGATTTAAAAATTTTAAATAAAGAAAATTTAAGAAGAATAATAAGTTTAAATAATTATAGAAGTTATAGACATAAAAAAAAATTACCTTGTAGAGGACAACGAACTAAAACAAATGCAAAAACTAGAAAAAAAATGACACATGAAATTATATAA,0.16526610644257703,0.0085,0.0424,0.0254,0.1525,0.1186,0.0169,0.0085,0.0424,0.0,0.0424,0.0424,0.1271,0.0085,0.0254,0.0085,0.0763,0.0169,0.1695,0.0254,0.0424
NZ_CP041245.1,142408,142521,-,TIGR01022,rpmJ_bact,WP_020915880.1,-,-,49.9,MKIKNSIKKICNKCIIVKRQKKFFVICFFKKHKQRQL,ATGAAAATAAAAAATTCAATTAAAAAAATTTGTAATAAATGTATTATAGTAAAAAGACAAAAAAAATTTTTTGTTATTTGTTTTTTTAAAAAACATAAACAAAGACAATTATGA,0.12280701754385964,0.0,0.0,0.0541,0.1622,0.027,0.027,0.1081,0.0,0.0,0.027,0.0,0.0541,0.0811,0.0811,0.0,0.0541,0.027,0.2973,0.0,0.0
NZ_CP041245.1,142499,142756,-,TIGR01071,rplO_bact,WP_020915881.1,-,-,80.3,MILEVFNIFNKKKKRLGRGYSSGNGKTCGRGHKGQKSRAGYKIPLFFEGGQTNFFKKKPKIKQKSKNMLKKNKFYSILYENKKFN,ATGATTTTAGAAGTTTTTAATATTTTTAATAAAAAAAAAAAAAGATTAGGAAGAGGTTATTCTTCTGGAAATGGTAAAACTTGTGGAAGAGGGCATAAAGGCCAAAAATCAAGAGCTGGGTATAAAATTCCTCTTTTTTTTGAAGGAGGGCAAACGAATTTTTTTAAAAAAAAACCTAAAATTAAACAAAAAAGTAAAAATATGTTAAAAAAAAATAAATTTTATTCGATTTTATATGAAAATAAAAAATTCAATTAA,0.21705426356589147,0.0118,0.1176,0.0118,0.0588,0.0588,0.0235,0.0941,0.0471,0.0,0.0588,0.0235,0.0941,0.0353,0.0118,0.0235,0.0471,0.0118,0.2353,0.0,0.0353
NZ_CP041245.1,142757,143173,-,TIGR01021,rpsE_bact,WP_180806741.1,-,-,135.5,MEDRLVKIHRVTKVVKGGRIFSYTSTSICGNKKYLIGFGRGKSREILESIKKSYLKARNNILKINIFNNTIPHFLYAKHSSCKILLYPASKIIGLVACSAVKQVMSSAGIKSIFSKIHGSTNSVNVTICTIKALTFLK,ATGGAAGATAGACTTGTAAAAATTCATAGAGTAACTAAAGTTGTAAAAGGAGGACGTATATTTTCTTATACGTCTACATCTATTTGTGGGAATAAAAAATATTTAATTGGGTTTGGAAGAGGAAAATCCCGCGAAATATTGGAATCTATAAAAAAATCCTATTTAAAAGCTAGAAATAACATTTTAAAAATTAATATTTTTAACAATACAATTCCTCATTTTTTGTATGCAAAACACTCTTCTTGTAAAATTTTATTATACCCTGCTTCTAAAATAATTGGATTAGTAGCATGTTCTGCTGTTAAGCAAGTTATGTCTTCTGCTGGAATAAAAAGTATTTTTTCAAAAATACATGGATCTACAAATTCTGTAAATGTTACTATTTGTACAATAAAAGCTTTAACATTTTTAAAATAA,0.2541966426858513,0.0507,0.0652,0.0652,0.1304,0.0797,0.0145,0.0435,0.0362,0.0,0.1159,0.058,0.058,0.0072,0.029,0.0145,0.0435,0.029,0.1304,0.0072,0.0217
NZ_CP041245.1,143888,144256,-,PF00410,Ribosomal_S8,WP_155492490.1,-,-,48.9,MKNYFDSVNRIFNSYNSGKKISLCKYSKFTMLIFNVLTDFNYIENFFILIINKKRYIIVFVKSIFYIKFVSKPSRKIYINKKNIKNSILSMSLSIINTNFGLLTLKECKQIGIFGIFLLSIL,ATGAAAAATTATTTTGATAGTGTTAATAGAATCTTTAATTCTTATAATTCTGGAAAAAAAATAAGTTTATGTAAATATTCTAAATTTACTATGCTAATTTTTAATGTATTAACTGATTTTAATTATATAGAAAATTTCTTTATATTAATTATTAATAAAAAAAGATATATAATTGTTTTTGTAAAAAGCATTTTTTATATTAAATTTGTTTCGAAACCATCTAGAAAAATTTATATAAATAAAAAGAATATTAAAAATTCTATCTTAAGTATGAGTTTAAGTATCATTAATACAAACTTTGGGTTATTAACTCTTAAAGAATGTAAACAAATAGGTATTTTTGGTATTTTTTTATTATCGATATTATGA,0.15718157181571815,0.0,0.0328,0.041,0.1721,0.0984,0.0246,0.1066,0.0574,0.0,0.1066,0.0328,0.1066,0.0082,0.0164,0.0082,0.0246,0.0,0.1311,0.0164,0.0164
NZ_CP041245.1,144259,144549,-,PF00253,Ribosomal_S14,WP_020915886.1,-,-,42.3,MAKKGLILKNIFIYKKSLLNFKFIKLKKKELISNFSLQKYFKLFNINKKKLFVRFKKRCFISGRQRSYYNRFFLNRNLIRKIGNYGNIVGMEKSSW,ATGGCAAAAAAAGGATTAATATTGAAAAATATTTTTATTTATAAAAAAAGTTTGTTAAATTTTAAATTTATAAAATTAAAAAAAAAAGAATTAATTTCTAATTTTTCTTTACAAAAGTATTTTAAATTATTCAATATAAATAAAAAAAAACTTTTTGTTAGATTTAAAAAAAGATGTTTTATCAGTGGTAGACAAAGAAGTTATTATAATAGATTTTTTTTAAATAGAAATTTAATTAGAAAAATAGGAAATTATGGAAATATAGTTGGTATGGAAAAATCCAGTTGGTAA,0.15120274914089346,0.0104,0.0521,0.0208,0.1042,0.1146,0.0208,0.1146,0.0521,0.0104,0.0729,0.0,0.1042,0.0208,0.0104,0.0,0.0729,0.0,0.1979,0.0,0.0208
NZ_CP041245.1,144552,145046,-,PF00281,Ribosomal_L5,WP_180806742.1,-,-,48.4,MKIIENIFDEKLFENNIKSCLEKIIIHTGVAKQNKDKNFIKNVFESIKYITGQKPTFSKIKKSISNFKSKIGEIAGIYTTLRKNQMIEFYKKLVFVVIPKIKEFKGFKSSSIDRFGNFHFGIENISVFPDFFKDIKIGFNISIITKNLKTNYLNILKKIEFPIE,ATGAAAATTATAGAAAATATTTTTGATGAAAAATTATTTGAAAATAATATTAAATCATGTTTAGAAAAAATTATTATTCATACTGGAGTTGCAAAACAAAACAAAGATAAAAACTTTATTAAGAATGTTTTTGAGTCAATAAAATATATTACTGGTCAAAAACCAACGTTTTCTAAAATAAAAAAATCAATTTCAAATTTTAAAAGCAAAATTGGGGAAATTGCTGGTATATACACAACTCTTAGAAAAAATCAAATGATTGAATTTTATAAAAAATTAGTTTTTGTTGTTATACCAAAAATAAAGGAATTTAAAGGATTTAAATCTTCTTCTATTGATAGATTTGGAAATTTTCATTTTGGTATTGAAAATATCTCTGTTTTTCCAGATTTCTTTAAAGATATAAAAATTGGATTTAACATAAGTATTATTACAAAAAACTTAAAAACTAATTATTTAAATATATTGAAAAAAATAGAATTTCCAATAGAATAA,0.18787878787878787,0.0122,0.0488,0.0366,0.1768,0.0427,0.0122,0.1098,0.0244,0.0,0.0671,0.0427,0.0854,0.0183,0.0061,0.0244,0.0122,0.0122,0.1707,0.0305,0.0671
NZ_CP041245.1,145043,145450,-,TIGR01067,rplN_bact,WP_258010009.1,-,-,141.1,MDINKSCRKNKNNMIREQTLVKVIDNSGAKIAKCVKILNGSKKKTAKIGDFIKVVIKNSNVNSKIKKGQIMNAILVRSKYPFRRKDGTLLSFNDNAVILLNNSKKLIGTRVFGVLAKEIKLNHFNKLFSLSNELV,TTGGATATTAACAAAAGTTGTAGAAAAAATAAAAATAATATGATAAGAGAACAGACATTGGTAAAAGTAATTGATAATAGTGGTGCTAAAATAGCAAAATGTGTAAAAATTCTAAATGGTTCAAAAAAAAAAACTGCAAAAATAGGAGATTTTATTAAAGTTGTAATTAAAAATTCTAATGTTAATTCTAAAATAAAAAAAGGACAAATTATGAATGCTATTTTAGTAAGAAGTAAATATCCTTTTAGAAGAAAAGATGGAACACTATTATCTTTCAATGATAATGCTGTAATATTATTAAATAATAGCAAAAAATTGATTGGAACTAGAGTATTTGGTGTTTTAGCTAAAGAAATAAAATTAAACCATTTTAATAAATTATTTTCATTATCTAATGAATTAGTATGA,0.20833333333333334,0.0444,0.0519,0.0815,0.1037,0.0963,0.0222,0.0444,0.0074,0.0,0.0741,0.0296,0.1259,0.0148,0.0148,0.0074,0.0444,0.0074,0.1704,0.037,0.0222
NZ_CP041245.1,145643,146050,-,TIGR01164,rplP_bact,WP_020915890.1,-,-,131.2,MKSKPNQLKFLKYQKKRNKGISVKRNFLVFGNYGLKAINNGFLNFKQIESARKSLVHNFGKNSKILIRIFPDKVITKKPLEVRMGKGKGNISDWVSVIKPGIIIFEVKNSNFEIVKKAFFTASQKLSIKTEICYE,ATGAAATCTAAACCTAATCAGTTAAAATTTTTAAAATATCAAAAAAAAAGAAATAAAGGAATTTCCGTAAAAAGAAATTTTTTAGTTTTTGGCAATTATGGATTAAAAGCAATAAATAATGGTTTCTTAAATTTTAAACAAATAGAATCAGCGAGAAAATCTCTTGTTCATAATTTTGGTAAAAACAGTAAAATTTTAATAAGAATATTTCCTGATAAGGTTATCACTAAAAAACCACTAGAAGTTAGAATGGGAAAAGGAAAGGGGAATATTTCCGATTGGGTTTCTGTTATTAAACCAGGAATTATAATATTTGAAGTTAAAAATTCAAATTTTGAAATTGTTAAGAAAGCATTCTTTACTGCATCTCAAAAACTTTCTATAAAGACAGAAATTTGTTATGAATAA,0.23529411764705882,0.0296,0.0667,0.0667,0.1111,0.0667,0.0148,0.0815,0.0222,0.0074,0.0741,0.0222,0.0889,0.0296,0.0074,0.0296,0.037,0.0074,0.1778,0.0148,0.0444
NZ_CP041245.1,146055,146657,-,TIGR01009,rpsC_bact,WP_020915891.1,-,-,148.0,MGKKVNPIFFRLGKSNPYHSLWYSNKKHYGKILKSDILIKEILKKNLFYINISYIDIIITNVLKLNIYLTDFEKFDEFYKFLDLLVIEISKILRKNILINFVFENNVNAKVLSISILKQINNKISIKRLMKKEVLKFINHFDGCKIQISGRIEGVDIARKEWYLFGSIPLHTIRNKIDFYFSEHITQYGVLGIKTWVFKK,ATGGGTAAAAAAGTAAATCCTATTTTTTTTAGATTAGGAAAATCCAATCCATATCATAGTTTATGGTATTCAAATAAAAAACATTATGGTAAAATTTTAAAATCTGATATTTTAATAAAAGAAATTTTAAAAAAAAATTTATTTTATATAAATATAAGTTATATTGATATTATTATTACAAATGTATTAAAATTAAATATTTATTTAACAGATTTTGAAAAATTTGATGAATTTTATAAATTTTTAGATTTATTAGTTATCGAAATTTCTAAAATTTTACGAAAAAATATATTAATAAATTTTGTGTTTGAAAATAATGTAAATGCAAAAGTTTTAAGTATTTCAATATTAAAACAAATTAATAATAAAATATCTATTAAAAGATTAATGAAAAAAGAAGTTTTAAAATTTATCAATCATTTTGATGGTTGTAAAATACAAATTTCTGGAAGAATAGAAGGAGTTGATATAGCTAGAAAAGAATGGTATCTTTTTGGTAGTATTCCATTACATACAATAAGAAATAAAATTGATTTTTATTTTTCAGAACATATAACTCAATATGGAGTTTTAGGAATAAAAACATGGGTTTTTAAAAAATAA,0.16749585406301823,0.01,0.045,0.05,0.16,0.105,0.01,0.075,0.05,0.015,0.06,0.025,0.08,0.015,0.005,0.015,0.03,0.025,0.14,0.04,0.045
NZ_CP041245.1,146949,147212,-,TIGR01050,rpsS_bact,WP_020915893.1,-,-,105.8,MSRSTKKGVFISKSVYLNIGKNSFKTWSRSSTIIPDMIDSTILVHNGKKFFKVYINENMIGHKLGEFSFTRNFKSHTKKIKNKKNVK,ATGAGTAGATCTACAAAAAAAGGTGTTTTTATAAGCAAATCTGTATATTTAAATATTGGAAAAAATTCTTTCAAAACATGGTCGAGAAGTTCTACTATTATACCCGATATGATTGATTCTACTATATTAGTTCATAATGGTAAAAAATTTTTTAAAGTTTATATTAATGAAAATATGATAGGACATAAATTAGGAGAATTTTCTTTTACAAGAAATTTTAAATCTCATACTAAAAAAATAAAAAATAAAAAAAATGTTAAATAA,0.20075757575757575,0.0,0.0575,0.0575,0.1034,0.0345,0.0345,0.0805,0.023,0.0115,0.1264,0.069,0.092,0.0,0.0,0.0115,0.0345,0.0345,0.1839,0.023,0.023
NZ_CP041245.1,147209,147910,-,TIGR01171,rplB_bact,WP_020915894.1,-,-,264.1,MNFFKKKLLIIKKNNSGRSNGKISVRHIGKKHKRFYRKIDFLRNKLNIPAIVDRFEYDPNRNSIIALLKYLDGEYRYIIKTNGMEVGSIVINTKLNKNFVSGDCTIIKNIFIGTSINCIRLLPNYYATIARSSGVESKLLFKDDKFAIIKLPSQKEKKISVNCFATIGKVDNNIKNKLYKAGQKRWKGIRPTVRGVAMNPVDHPLGGGEGKTSGGRHPCSPFGKKSKGFKTKK,ATGAATTTTTTCAAAAAAAAATTATTAATTATAAAAAAAAATAATTCTGGTAGAAGCAACGGAAAAATATCAGTAAGACATATAGGTAAAAAACATAAAAGATTTTATAGAAAAATTGATTTTTTAAGAAATAAATTAAATATACCTGCTATAGTTGATAGATTTGAATATGATCCAAATAGAAATTCTATAATAGCATTATTAAAATATTTAGATGGAGAATATAGATATATAATCAAAACAAATGGAATGGAAGTCGGTTCCATTGTTATTAATACCAAATTAAATAAAAATTTTGTTTCTGGTGATTGTACAATTATTAAAAATATTTTTATTGGAACTTCAATAAATTGTATTAGATTATTACCTAACTATTATGCTACAATAGCTAGAAGTTCTGGAGTAGAATCCAAATTATTATTTAAAGATGATAAATTTGCCATTATAAAATTACCTTCTCAAAAAGAAAAAAAAATTTCTGTTAATTGTTTTGCTACTATAGGAAAAGTTGATAATAATATAAAAAATAAATTATATAAAGCAGGTCAAAAACGTTGGAAAGGAATTAGACCAACAGTAAGAGGAGTAGCAATGAATCCTGTTGATCACCCATTAGGAGGAGGGGAAGGAAAAACAAGTGGTGGAAGACACCCATGTTCTCCTTTTGGAAAAAAATCTAAAGGATTTAAAACTAAAAAATGA,0.24216524216524216,0.0343,0.0901,0.0472,0.1116,0.0644,0.0129,0.0515,0.0343,0.0043,0.0644,0.0386,0.0858,0.0086,0.0172,0.0386,0.0601,0.0172,0.1545,0.0386,0.0258
NZ_CP041245.1,149119,150309,-,TIGR00485,EF-Tu,WP_020915898.1,-,-,688.3,MAKVKFTRNKIHINVGTIGHVDHGKTTLTAALTKVSSEIYGGEVRAFDTIDNAPEEKERGITISTSHVEYESENKHYAHVDCPGHADYIKNMITGAAQMDGAILVCSAVDGPMPQTREHILLARQVGVPNIVVFLNKADCVQDKELLDLVEMEIRELLTEYDFDGENTKIVIGSALLALEGKDDNQLGTTSIKKLLDVLDSSIPTPNRITDKPFLMPIEDVFSISGRGTVVTGKIERGIVKNGEEIEIVGYKQTIKTTITGIEMFKKTLDEGLAGENVGILLRSVKREEVERGQVLAKIGSIKSYNIFECEVYILSKEEGGRHTPFFNGYKPQFYFRTTDVTGICKLPENVEMVLPGDNIKLNVTLLSSIAIEIGLRFAIREGGKTVGAGIITKIL,ATGGCAAAAGTAAAATTTACTAGAAATAAAATTCATATAAATGTAGGAACAATAGGACATGTAGATCATGGAAAAACAACATTAACCGCTGCTTTAACAAAAGTATCTTCGGAAATTTATGGAGGTGAAGTAAGAGCTTTTGATACTATCGATAATGCTCCAGAAGAAAAAGAAAGAGGGATAACAATTTCTACATCTCATGTAGAATATGAATCTGAAAATAAACATTATGCACATGTTGATTGCCCAGGACATGCAGATTATATTAAAAACATGATAACTGGTGCTGCTCAAATGGATGGAGCTATTTTAGTGTGTTCTGCAGTAGATGGACCTATGCCACAAACAAGAGAACATATTTTATTAGCTAGACAAGTTGGAGTTCCAAATATTGTAGTTTTTTTAAACAAAGCCGATTGTGTTCAAGATAAAGAATTACTTGATTTAGTAGAAATGGAAATTAGAGAGTTATTAACTGAATATGATTTTGATGGAGAAAATACAAAAATTGTTATAGGTTCAGCATTATTGGCGTTAGAGGGAAAAGATGATAATCAATTAGGAACAACTTCTATAAAAAAATTATTAGATGTTTTAGATAGTAGTATTCCTACTCCCAACAGAATTACAGATAAACCATTTTTAATGCCTATAGAAGATGTTTTCTCAATTTCTGGTAGAGGCACTGTTGTAACTGGTAAAATTGAAAGAGGAATTGTTAAAAATGGAGAAGAAATAGAAATTGTAGGATATAAACAAACAATAAAAACAACTATAACAGGTATTGAAATGTTTAAAAAGACATTAGACGAAGGATTAGCAGGTGAAAATGTTGGTATTTTATTGAGAAGTGTTAAAAGAGAAGAAGTTGAAAGAGGCCAAGTTTTAGCTAAAATAGGTAGTATTAAATCATATAATATATTTGAATGCGAAGTATATATTTTATCTAAAGAAGAAGGTGGACGACATACTCCTTTTTTTAATGGATATAAGCCACAATTTTATTTTAGAACTACTGATGTTACTGGAATTTGTAAATTACCTGAAAATGTTGAAATGGTTTTACCTGGAGATAATATAAAATTAAATGTTACTTTACTTTCTTCTATAGCTATAGAAATAGGTTTAAGATTTGCTATTAGAGAAGGTGGAAAAACTGTAGGAGCTGGTATTATTACAAAAATTTTATGA,0.2938706968933669,0.0505,0.0934,0.0808,0.1035,0.0808,0.0202,0.0328,0.0253,0.0,0.0455,0.0783,0.0429,0.0202,0.0126,0.0328,0.0404,0.0227,0.0758,0.053,0.0884
NZ_CP041245.1,150328,152364,-,TIGR00484,EF-G,WP_020915899.1,-,-,874.7,MKNKVLYFRNIGIIAHVDAGKTTTTERILFYSGSSHKIGEVHHGTTITDWMQQEQERGITITSASVSIFWEVNKFKYMINIIDTPGHVDFTIEVERSLRVLDGAVIIICASSGIQPQTETVWFQSQKYKVPKMIFVNKMDRIGANYNNCIIDIKKKFNCIVLPINFNIGIEENYEGIVDIINKKSFFWKENSIIIKNIDKDQLSAFDYYNELMLETLSNNDEFFLEKYINNNYSINDIKNSIRKLVLKNKIIPIMCGSSLKNKGIEFLLNSICEYLPSPYDVDFKNNDYNINLNSNKFVSLVFKIFHDPFLGSLSFIRIYSGFIKVGDLVYNSTKKVKEKIFRILRMFANSKKDINDAHFGDIVVIVGLKESSTGDTLCSLSENIQLENIETPIPVISISIEPIFKNDQEKLLNILQKFCKEDPSLLLSINNNTGETILSGMGELHLEIIVDRILKENNIKTKISKPQVSYKESIKKIVTQEGKYIKQSGGKGQYGHVVIRIEPISLENKENFIFKSEIIGGSIPKEFIPAIEKGIMNQINYGVVLGYPVIKIKVFLVNGSFHSVDSSEYAFKNAAAIALKDALKKANSYILEPIMKVEVNLPSEFLGIVVGDINKKRGIINTIIDHENFKIINSYIPLRELFGYSTDLRSNTKGRATYNMEFHNYSELPNNIVEKIK,ATGAAAAATAAGGTATTATATTTTAGAAACATAGGAATTATAGCGCACGTTGATGCGGGAAAAACAACTACTACTGAAAGAATTTTATTCTATTCAGGATCTTCTCATAAAATAGGAGAAGTTCATCACGGTACGACAATTACTGATTGGATGCAACAAGAACAAGAAAGAGGAATAACCATTACTTCAGCATCAGTAAGTATATTTTGGGAAGTTAACAAATTTAAATATATGATAAATATAATAGATACTCCAGGACATGTAGATTTTACAATAGAAGTAGAAAGATCTTTAAGAGTTTTAGATGGTGCTGTTATTATAATATGTGCATCATCTGGAATACAACCTCAAACTGAAACAGTTTGGTTTCAATCACAAAAATACAAAGTACCAAAAATGATTTTTGTTAATAAAATGGATAGAATCGGAGCAAATTATAATAATTGTATTATTGATATAAAAAAAAAATTTAATTGTATAGTTTTACCAATTAATTTTAATATAGGAATAGAAGAAAACTATGAAGGAATCGTTGATATTATAAATAAAAAATCTTTTTTTTGGAAAGAAAATTCAATTATAATTAAAAATATTGATAAAGATCAATTATCGGCTTTTGATTATTATAATGAATTAATGTTAGAAACTTTGTCAAATAATGATGAGTTTTTTTTAGAAAAATATATTAATAACAATTATAGTATAAATGATATTAAAAATTCAATAAGAAAATTAGTTTTAAAAAATAAAATAATACCAATTATGTGTGGATCTTCTTTAAAAAATAAAGGAATAGAATTCCTATTGAATTCAATTTGTGAATATCTTCCGTCTCCATATGATGTTGATTTTAAAAATAATGATTATAATATTAATTTAAATAGTAACAAATTTGTTTCTTTAGTTTTTAAAATTTTTCATGATCCATTTTTAGGATCTTTATCATTTATAAGAATTTATTCTGGATTTATAAAAGTAGGCGATTTAGTTTATAATTCTACAAAAAAAGTAAAAGAAAAAATTTTTCGAATTTTAAGAATGTTTGCAAATTCTAAAAAAGATATAAATGATGCGCATTTTGGAGATATAGTAGTAATTGTTGGTTTAAAAGAATCTTCAACTGGTGATACGTTGTGTTCTCTTTCTGAAAATATACAATTAGAAAATATTGAAACACCTATACCAGTAATTTCAATTTCTATTGAACCCATATTTAAAAATGATCAAGAAAAACTTCTTAATATTTTACAAAAATTTTGTAAGGAAGATCCTTCTTTATTGTTGTCTATTAATAATAATACCGGAGAAACTATATTATCTGGAATGGGTGAATTACATTTAGAAATTATAGTTGATAGAATTTTAAAAGAAAATAATATTAAAACTAAAATTAGTAAACCACAAGTTTCTTATAAAGAAAGTATTAAAAAAATTGTAACTCAAGAAGGAAAATATATAAAGCAATCAGGAGGAAAAGGACAGTATGGGCATGTAGTTATTAGAATTGAACCAATTTCTTTAGAAAACAAAGAAAATTTTATTTTTAAATCGGAAATAATAGGAGGATCAATACCAAAAGAATTTATTCCTGCAATTGAAAAAGGAATAATGAATCAAATTAATTATGGAGTTGTTCTTGGTTATCCAGTGATAAAAATAAAAGTTTTTTTAGTTAATGGATCGTTCCATTCTGTTGATTCTAGTGAATATGCGTTTAAAAATGCTGCCGCCATTGCTTTAAAAGATGCTTTAAAAAAAGCAAATTCATATATTTTAGAACCAATAATGAAAGTTGAGGTTAATTTACCAAGTGAATTTTTAGGTATTGTTGTTGGAGACATTAATAAAAAAAGAGGAATAATAAATACAATTATTGATCACGAAAATTTCAAAATTATCAATTCTTACATACCTTTAAGAGAATTATTCGGTTATTCAACTGATTTAAGATCTAATACTAAAGGTAGAGCAACATATAATATGGAATTTCATAATTATAGTGAATTACCTAATAATATTGTTGAAAAAATAAAATAA,0.23564064801178203,0.0265,0.0575,0.0605,0.1431,0.0708,0.0177,0.0546,0.0383,0.0059,0.0782,0.0383,0.09,0.0236,0.0103,0.031,0.0236,0.0177,0.0988,0.0442,0.0693
NZ_CP041245.1,152361,152831,-,TIGR01029,rpsG_bact,WP_020915900.1,-,-,139.9,MSRKKRYLKVIILNDPKYGSYLISKFINYIMKNGKKQIAQKIFYYSINLISVKLKKNYLFLIKKILLNIQPIFEIKKRKIGGTSYNIPFKINLKRSLMFSMKWIILNSKKRNENGFKNKFVGELIDSYYNNSLSIKQKESILKIAEQNKAYSNFKL,ATGTCTAGAAAAAAACGATACTTAAAAGTAATAATATTAAATGATCCTAAATATGGCAGTTATTTAATATCTAAATTTATAAATTATATAATGAAAAACGGGAAAAAACAAATAGCTCAAAAAATTTTTTATTATAGTATAAATTTAATTTCGGTAAAATTAAAAAAAAATTATTTATTTTTGATTAAAAAAATTTTGCTAAATATTCAACCAATTTTTGAAATAAAAAAAAGAAAAATAGGAGGAACGAGTTACAATATTCCATTTAAAATAAATTTAAAAAGAAGTCTTATGTTTTCTATGAAATGGATTATTTTAAATTCTAAAAAAAGAAACGAAAATGGGTTTAAAAATAAATTTGTTGGTGAATTAATAGATTCTTATTATAATAATTCATTATCAATTAAACAAAAAGAATCTATTTTAAAAATAGCAGAACAGAATAAAGCTTATTCTAATTTTAAATTATGA,0.17197452229299362,0.0192,0.0385,0.0192,0.1474,0.1026,0.0256,0.0577,0.0705,0.0064,0.0897,0.0064,0.1026,0.0321,0.0,0.0192,0.0321,0.0,0.1859,0.0128,0.0321
NZ_CP041245.1,152824,153189,-,TIGR00981,rpsL_bact,WP_180806744.1,-,-,198.5,MTINQIIRFGRIKNKKKKKTPALMCSPQKKGVCLKVYTTTPKKPNSALRKVCRVKLSNKNEITVYIPGEGHNLQEHSNILVRGGRVKDLPGVKYHAIRNVYDLSGVANRKKSRSKYGTKNV,ATGACTATAAATCAAATAATAAGATTTGGAAGAATCAAAAATAAAAAAAAAAAAAAAACTCCGGCTTTAATGTGTTCTCCTCAAAAAAAAGGTGTTTGTTTAAAAGTTTATACTACTACTCCAAAAAAACCAAATTCAGCATTAAGAAAAGTTTGTAGAGTTAAATTGTCTAACAAAAATGAAATAACAGTTTATATTCCTGGTGAAGGACATAATTTGCAAGAACATTCTAATATATTAGTAAGAGGTGGTAGAGTTAAAGATTTGCCTGGTGTAAAATATCATGCTATTAGAAATGTATATGATTTATCTGGTGTTGCAAATAGAAAAAAATCTAGATCAAAATACGGAACTAAAAATGTCTAG,0.2650273224043716,0.0331,0.0744,0.0909,0.0661,0.0661,0.0165,0.0083,0.0413,0.0,0.0579,0.0579,0.0826,0.0248,0.0248,0.0496,0.0744,0.0248,0.1653,0.0165,0.0248
NZ_CP041245.1,160868,161212,-,TIGR00855,L12,WP_020915904.1,-,-,79.4,MQNELVNNILESISKLNLLELSDLIIKIEKKFNIAVEEEKPEIIKEKFDVYLSEIGDKKINLIKVIKDITNLSLKESKDLVESKNALIKQNVNKIECEEISKKINSAGGKVEIK,ATGCAAAACGAATTAGTTAATAATATTTTAGAATCAATTTCAAAATTAAATTTATTAGAATTAAGTGATTTAATAATAAAAATAGAAAAAAAATTTAATATAGCTGTTGAAGAAGAAAAACCGGAAATAATTAAAGAAAAATTTGATGTTTATTTATCTGAAATAGGAGATAAAAAAATCAATTTAATAAAAGTAATAAAAGATATTACTAATTTAAGCTTGAAAGAATCAAAAGATTTAGTAGAATCTAAAAATGCTTTAATTAAACAAAATGTAAATAAAATTGAATGTGAAGAAATTTCAAAAAAAATAAATTCTGCAGGAGGAAAAGTAGAAATTAAATGA,0.17971014492753623,0.0263,0.0263,0.0614,0.1579,0.114,0.0088,0.0175,0.0088,0.0,0.0789,0.0088,0.0965,0.0175,0.0088,0.0088,0.0,0.0,0.1754,0.0439,0.1404
NZ_CP041245.1,163653,165458,-,-,Cyt_aa3_quinol_oxidase_QoxB.hmm,WP_020915910.1,-,-,513.4,MNRLNFNVIPTNEFIIIILFSIIIVLILVSFPFLTAFFPKIKNYSSSFNHKKIGKLYLIMAFLMLIRGFVDALMMRLQQFLSCNHQGYLSINHYSQIFTAHGVIMIFFVAMPFMIGLMNIIIPLQIGSVDVAFPSLNLLSFWLNFFSILLINTSLLIGEFSKIGWLSYPPLSEKTFSPWVGVDYWIWSLQISGISTLLSSINFITTIIKCRQKNLFFFKLPIFIWTCFCSNILILVAFPILNIIILLLFLDRNFNFHFFTLFYGGQQMTYINLIWAWGHPEVYILILPSFGIFSEILSNKCKKPIFSYNSLLYATISITLLSFVVWLHHFFTMGSGFSTSIFFSITTMVIAIPTGVKIYNWIFTIFYSNKTIDSYIIWFVSFLIIFSIGGFAGIILSIPSLDFVFHNSMFLIAHFHSVIIGGVLFGYLAGLQYWFPIIFNKEIYEIISIINIFFWFFGVIITFFPFYLLGYYGMNRRTLFYNNLYWSKLLLVSFGGSFLILIAIVLQIISFFFNKKNKVNISNYEFLFFSNKLRIHKNDFLYKKYFLKNTYFNHFHKKSVLPFLISLNVFLMSFSIIWYCWFKSIIFIITTIILTIFLIYE,ATGAATAGATTAAATTTCAATGTTATCCCAACAAATGAATTTATAATAATAATATTATTTTCAATTATAATAGTTTTAATATTAGTAAGTTTTCCATTTTTAACAGCTTTTTTCCCAAAAATAAAAAATTATTCATCTTCTTTCAATCATAAAAAAATAGGAAAATTATATTTGATAATGGCTTTTTTGATGCTTATTAGAGGATTTGTTGATGCTTTAATGATGAGATTACAACAATTTTTATCATGTAATCATCAAGGATATTTATCTATAAATCATTATAGTCAAATATTTACAGCTCATGGAGTTATAATGATATTTTTTGTTGCTATGCCTTTTATGATTGGTTTGATGAATATCATTATTCCTTTACAAATTGGTTCTGTTGATGTTGCATTTCCTTCTTTAAATTTACTTAGTTTTTGGCTAAATTTTTTTTCGATATTGTTAATTAATACTTCTTTATTGATAGGTGAATTTTCTAAAATTGGATGGTTATCTTATCCTCCATTATCTGAAAAAACTTTCAGTCCTTGGGTTGGAGTAGACTATTGGATTTGGAGTTTACAAATTTCTGGTATTTCCACGCTTTTATCTTCAATAAATTTTATTACAACTATTATAAAATGTAGACAAAAAAATTTATTTTTTTTTAAATTACCTATATTTATATGGACTTGTTTTTGTTCAAATATACTTATTTTAGTAGCTTTTCCTATTTTGAATATAATTATTTTATTATTGTTTTTAGATAGAAATTTTAATTTTCATTTTTTTACTTTATTTTATGGTGGTCAACAAATGACTTATATAAATTTGATTTGGGCTTGGGGTCATCCTGAGGTTTATATTTTAATATTACCTTCTTTTGGTATATTTTCTGAAATACTATCAAATAAATGTAAAAAACCAATATTTTCTTATAATTCTTTATTATATGCAACCATTTCAATAACATTATTATCATTTGTGGTTTGGTTACATCATTTTTTTACGATGGGTTCTGGTTTTAGTACAAGTATTTTTTTTAGTATAACAACAATGGTTATTGCAATACCAACTGGTGTAAAAATTTATAATTGGATTTTTACAATATTCTATAGTAATAAAACAATCGATTCATACATAATATGGTTTGTTTCGTTTTTAATAATATTTTCAATTGGAGGTTTTGCAGGAATAATACTTTCAATTCCTAGTTTAGATTTTGTATTTCATAATTCAATGTTTTTAATTGCTCATTTTCATTCAGTAATAATAGGAGGAGTATTATTTGGATACTTAGCGGGATTGCAATATTGGTTTCCCATAATATTTAATAAAGAAATATATGAAATTATTTCTATAATAAATATTTTTTTTTGGTTTTTCGGCGTTATTATTACATTTTTTCCATTTTATTTACTTGGATATTATGGTATGAATAGAAGAACTTTATTTTATAATAATTTATATTGGTCAAAATTATTATTAGTCTCTTTTGGTGGGAGTTTTCTAATTTTAATTGCAATTGTTCTTCAAATTATTAGTTTTTTTTTTAATAAAAAAAATAAAGTTAACATTTCAAACTATGAATTCTTATTTTTTAGTAATAAATTAAGAATTCACAAAAATGATTTTTTATATAAAAAATATTTTTTAAAAAATACTTATTTTAATCATTTTCATAAAAAAAGCGTTTTACCATTTTTAATATCGTTAAATGTTTTTTTAATGTCATTTTCTATTATTTGGTATTGTTGGTTTAAATCAATAATTTTTATAATTACAACTATTATTTTAACAATATTTTTAATATATGAATAA,0.2115171650055371,0.0233,0.0483,0.0433,0.1614,0.1231,0.025,0.1364,0.0466,0.0266,0.0899,0.0433,0.0632,0.0183,0.01,0.0316,0.0133,0.0233,0.0466,0.0116,0.015
NZ_CP041245.1,165451,166215,-,-,Cyt_bo3_ubiquinol_oxidase_CyoA.hmm,WP_020915911.1,-,-,140.5,MINFVKNHFLSLNRILENRLLLNTIYLILIIILFTICLIFFLFDKKNQYFNFYFPFLIDSIFIELIIWIIPTLIILGIGFYSVKSSFLINPLNKIYNNIKPLIVEIVSMNWKWMIIYPLQKVVSFNEICLPTLVPINLFLTSNSIMNSLCIPKYGIQFYCMSNCHKTVSLLILKHGFCHGISNNFSGNGFPFLKINIFSIIKKSFFYWINNIQNFNFLNISDYNKLSKPGFFFHPKFFKIRNNKIFLSIIKKNE,ATGATAAATTTTGTTAAAAATCATTTTTTGAGTTTAAATAGAATTTTAGAAAATAGATTGTTATTAAATACAATTTACTTAATATTAATAATAATATTATTTACAATATGTTTAATATTTTTTTTGTTTGATAAGAAGAATCAATATTTTAATTTTTATTTTCCGTTTTTAATTGATTCAATTTTTATTGAATTAATAATTTGGATTATACCAACATTAATAATTTTAGGAATTGGATTCTATTCTGTAAAAAGTTCTTTTTTAATAAATCCTTTAAATAAAATTTATAACAACATAAAACCATTAATAGTAGAAATTGTTTCTATGAATTGGAAATGGATGATAATATATCCGTTACAAAAAGTTGTTTCTTTTAATGAAATTTGTCTACCAACTTTAGTTCCAATAAATTTGTTTTTAACTTCTAATAGCATAATGAATTCCTTATGTATTCCAAAATATGGAATTCAGTTTTATTGTATGTCTAATTGTCATAAAACTGTTTCATTATTAATATTAAAACATGGTTTTTGTCATGGTATTTCTAATAATTTCAGTGGGAATGGGTTCCCGTTTTTAAAAATAAATATATTTTCTATAATTAAAAAATCTTTTTTTTATTGGATTAATAATATACAAAATTTTAATTTTTTAAATATATCTGATTATAATAAATTAAGTAAACCAGGATTTTTTTTTCATCCAAAATTTTTTAAAATTAGAAACAATAAAATATTTTTATCAATAATAAAAAAAAATGAATAG,0.1738562091503268,0.0,0.0315,0.0315,0.1732,0.122,0.0197,0.122,0.0394,0.0157,0.0748,0.0236,0.1181,0.0157,0.0236,0.0433,0.0118,0.0197,0.0827,0.0118,0.0197
###############################################################################################
